hash12	hashfull	file
4c70783ec5d0	4c70783ec5d0f8e604a754215de64ff785dfffe3d4f5e78d0135183b919d9795	$$$ Royal - Mashup (337).json
05a261ef957c	05a261ef957c747e1a0e0de06253e11e58e8396e8469984ac414946e6c0f12b6	$$$ Royal - Mashup (417).json
276a2c7e3b10	276a2c7e3b1071cc953f57b962647a1d67c76dbb5f9ae2f19e2610091f8b0112	$$$ Royal - Mashup (431).json
30a3fad11fe7	30a3fad11fe70381be25b420c6052e60ba2294a73f0da3eb6540a24f1403d99b	$$$ Royal - Mashup (489).json
b0b76bf62d57	b0b76bf62d5720c3dfc4818b6971af0cfdef2f5623b061fd24c94907e9a4b175	A Tribute to Martin - bombyx mori - Ft Flexi - AdamFX - StahlRegen - Krash - Rovastar -  Hd in Milk T.json
9354e2284d28	9354e2284d280d41b8d2bf80546aa03b00c14d1a91edd2f4516013c7c20ed0ae	Adam Eatit Mashup FX 2 martin - disco mix + Lodus + Geiss + Ludicrous speed + Aderrasi 2_1.json
1b710d8da422	1b710d8da422e206eb91854a98eb61a1fd942095f7a022350b316de7d82d2555	Adam Eatit Mashup FX 2 martin - disco mix + Lodus + Geiss + Ludicrous speed + Baked Ft another AdamFX Mashup 7_1.json
2ecd18758e8d	2ecd18758e8d288b8e429c9c72eb28ae01432d64bdba14889199b624c138d341	Adam Eatit Mashup FX 2 martin - disco mix + Lodus + Geiss + Ludicrous speed + Eos Ft Flexi n Hexocollie + Baked + Santa Fucking Claus.json
c4677c44708c	c4677c44708cd0f01adfa569861d49c8f33ef9c01f578272e60d7b02dd5fadd5	AdamFX Enterz Tha Mash With Martin + stahlregen - AdamFX - In Tha Mash Effectz E.json
c61593a79c8b	c61593a79c8ba031851ccab7e01eed699e9d2897d1f7888dc07aa380f3e83570	Aderrasi - Mother Of Pearl - mash0000 - how to piss off your eyes.json
701856137558	701856137558a0d7e0646a92ab7203386d261b61b526f866fafaa4e43ae36356	An AdamFX n Martin Infusion 2 flexi - Why The Sky Looks Diffrent Today - AdamFx n Martin Infusion - Tack Tile Disfunction B.json
32a749f1a373	32a749f1a37353cdd2926e934c2ec284e1a37c5c25184abe6832826ec4cae8b3	Blank - Custom Zoom.json
e8b400c29248	e8b400c292484bab45445118c296f1a913d64a0e48cdee321afe6ec901a7198c	Eo.S. + Phat - cubetrace - v2.json
f4d2bd89ad49	f4d2bd89ad493068f0a00f80de99e086c44dbe3fd1dcf3d007d11ece7b728c35	Eo.S.+Phat - spectrum bubble new colors WF2 nozoom.json
9a87fba94a72	9a87fba94a722865139e17957d652fd686abca87815a014ba6ff63837eeeb924	Flexi - multiverse.json
641ff3af52a7	641ff3af52a7f233ac45308496547a5a74d8c0ca0b2498f496893f1bc2bfdd3a	Fvese - Zoom Effects (Remix 3).json
570898a4b167	570898a4b16772be439288fe5145dd213b7bd8dcda2c0c531984e70fda7c8364	Fvese - Zoom Effects With A Twist.json
509fec89dd8f	509fec89dd8f19f49fb03d2d599c5c917fbf50c2fc983eb81e46e45e043a0440	Fvese-zoomeffects.json
65c10a0fc45e	65c10a0fc45ed78cf0fcceabc453a129deeb4e955b162456c222e9240dea1568	Geiss - Bass Zoom (1.02 Version).json
7f079e185575	7f079e185575eea408f648ff0d6bf378a79030eac9043e9f164f7dc7bffde349	Goody - LSD Zoomtunnel.json
c2875ee39f28	c2875ee39f28f77d82a1871e72a10d58edff1241cb605f559a487fdbac680566	Hexcollie, Pieturp n Phat - Free amphetamines to those willing to take them.json
52ef1a1e6b48	52ef1a1e6b48bd17598cfb8bdba1009169028f2e83763d4137799e5bee63fb5a	Idiot24-7 & sysRq - The Rotor Project (Treble Reflex Zoom Mix).json
9a3ac573a5a8	9a3ac573a5a882314ac7492a49d6a98c60f81a12ab9310324ba3a6c7d449a12c	Martin - acid wiring.json
e02a6fefa7d6	e02a6fefa7d6f17180f3b45e8f4b40398376d640a812bc8b833b0720733a0f81	Martin - disco mix 6.json
ab7f122c565a	ab7f122c565a2c6234416297af63eb59ba3c9dee932bae4ae98bdb610dd34cff	_Flexi, martin + geiss - painterly rogue wave strike (color emboss mix).json
5d2a99c09b71	5d2a99c09b71a39ef16e308a51eae5f44a022e0593dee725bc3d74c1e5b7fb50	_Geiss - Artifact 01.json
2876b6af25d1	2876b6af25d17035b0409c0cbb5e906ebafd57689cd06b8ea5c6aeed654e4b4d	aderrasi-potion-of-spirits.json
1ab60f92fb4b	1ab60f92fb4b8d81fd5a1ee72e80c9e14618ef900311799398a984255e986582	afro-legionican.json
a880adae3793	a880adae37930c73a5ea2e952f0bb3c4aff894caae0fd57315769c3d3f0e1836	bdrv + al Krash & yin - Electric universe (atomic energy) mxx.json
f6e0dde72f71	f6e0dde72f7124fd569d9ba5ea19c79255a713fa05893e4a0728ca47d26e1a02	bdrv + al bw rovastar phat eos - cosmic tube zoom35811.json
82d489f1a8ef	82d489f1a8efe8cb50223c5d035b9cc5b008eafbd7c0b2a51071106a188f7c4d	beta106i - Quantum Variants (Zoom).json
491661d03f66	491661d03f664a1a7773de1157affd36d97f1051f914df2f28a063090f95d225	drugsincombat-reactive-molecule-alt.json
5cdf839c087b	5cdf839c087b95d971b28d95e1a245d08c404f9878668ac68c8cf699b5355177	eo.s.-repeater-15-kaleidoscope-b.json
8ad1e1cc3327	8ad1e1cc3327ebfc0c9babd3a52ea0b4db2192848be474fd37476e0c8fa3d2b2	eos-heater-core-c.json
1325ba423f1e	1325ba423f1e5c43b33be96019128d83c551ede3e81cee73fb5018bc55d11ffc	fishbrain-breakfast-cruiser.json
245e8ace3193	245e8ace319315b913a7427da0256d62d3158860b4ce60b92164c16b61319828	flexi - jelly fish mandala.json
e2b3fa3e0d17	e2b3fa3e0d179973f65f9d471aeb24bc01ad8ef1383d5cbe2b0f7b0c64df3bd8	flexi - splatter effects 17 the wave, a google love story written in decay roam3-2 .json
06da6f711e20	06da6f711e20753ed30822285c2e1d8baade9976e3443d7d347f08a0a95dc0b3	geiss-color-tones-2.json
df25c1722161	df25c1722161e9f6d8dfc0afa656e9776d14f13ca17f9900014cdfe055ec094f	geiss-diffraction.json
8d6c6b689ede	8d6c6b689ede14b93f6f0cb18447c80b01baa5aec9021b0bab51c728c06cdcd5	geiss-four-kinds-of-amphetamines.json
a3a582fc3699	a3a582fc3699debd389256fa20aa1a5c382016202ba5a73e15231f9ad91f11e3	geiss-spacedust.json
4e0800847877	4e0800847877882f3d05b745bfb56a57fff6ddfc1a52af2ddc20bb82a79ef9f4	geiss-volume-zoom.json
d5e5e4a92259	d5e5e4a92259c852a0926ccd786a226a4957123e7a90e9cfdb7e5e00b4447551	idiot24-7 & sysRq - The Rotor Project (bass reflex zoom).json
6177f2a6c8c6	6177f2a6c8c678916edcb835d2016c58e12928a186a81bf9a72b8559d713b2d1	idiot24-7 & sysRq - The Rotor Project (treble zoom).json
da4ddd1ff333	da4ddd1ff3332b7c7d5510a2739fe45469571eeb88034414c64e2ca5151a3590	idiot24-7 - Frustration (Uncontrolled Zoom Mix).json
ec75798c8898	ec75798c889854079e60a7f52db279771d75e6cf7fbe9d9d0b5f889743331fd2	index.json
48b5b27ba797	48b5b27ba797b895c1faa485cbdfee06be9513f9ef69d6073e64c5561aefa569	luxxx-circling-the-drain-1a.json
2ca2b290b904	2ca2b290b904cd41f4f5a5ee7c61a97c047fe168cd6ef68373c4d2238a837de7	martin - disco mix 4.json
c8aa576c1c1f	c8aa576c1c1fb4c1a825b60cf0f3962d6fe57996f93d6b2c2a692ce51c324968	orb - acid cycle [flexi shader mix] - yaqui graph.json
a3e7653613a1	a3e7653613a12c44d46ae3ab0b7a9983d0c44c124505faf35ff706333e0f4cb9	phat+eos-ouch.json
916ec1e2ceca	916ec1e2ceca34dd78055a2231891bb0879359a9f4ece3b9fb4327db60c9d95c	shifter-pinwheel.json
e34d8b4c6b11	e34d8b4c6b11ab4f6625545a7055c8699705833f3f5b69ca3bf467111a9f02ab	shifter-yak(yetanotherkaleidoscope)00.json
f111cd1cd6a3	f111cd1cd6a39507b399b6a95128fc178ba0c01566dcc76ef306e1aa3033d084	studio music - kaleidoscope.json
6f86e28c11bd	6f86e28c11bd150528d43bcb04d421351d22286c9a330414692f48c11d626d5a	zylot-funnels.json
5f3b8dad07e1	5f3b8dad07e1685a3f4d8d8a5c24f53daedef02171d3b2804a8490a4b0cd80a7	zylot-rainbow-planet-under-attack.json
9b71ab56b5d7	9b71ab56b5d748c357bfd1bcee4ea4bccb82ecfd4b1c1cbe85a07126aa6346ff	zylot-visionarie.json
